,source,target,value
0,Anhui,ARE,0.00022455416812337836
1,Anhui,AUS,0.0005545023579943662
2,Anhui,BGD,9.04964633466442e-05
3,Anhui,BRN,0.0001332802431664
4,Anhui,CAN,0.00013060002386918064
5,Anhui,DEU,0.00014643770727579438
6,Anhui,FRA,4.690392541914272e-05
7,Anhui,GBR,0.0001514326753757
8,Anhui,IDN,0.0007816274123573377
9,Anhui,IND,3.630486441849682e-05
10,Anhui,JPN,0.0010519564043995077
11,Anhui,KAZ,1.681591562443544e-05
12,Anhui,KHM,0.0019893971033727474
13,Anhui,KOR,0.0016373083696800469
14,Anhui,MMR,8.881288273843475e-05
15,Anhui,MYS,0.0007436786793719266
16,Anhui,NPL,0.0001256050557693
17,Anhui,NZL,9.386114687081187e-05
18,Anhui,PHL,0.0002363274577264
19,Anhui,RUS,0.0005152121728336
20,Anhui,SGP,0.000503949917733665
21,Anhui,THA,0.006368564523867757
22,Anhui,USA,0.00044881570555649136
23,Anhui,VNM,0.000783902519792132
24,Beijing,AGO,0.000267399217424
25,Beijing,ARE,0.0044882166660627
26,Beijing,ARG,0.0002416286497624
27,Beijing,AUS,0.006568461212422199
28,Beijing,AUT,0.0004564228021548
29,Beijing,AZE,0.0001203020638737
30,Beijing,BEL,0.000464894775387
31,Beijing,BGD,0.0003071584027722
32,Beijing,BLR,0.0003172853643758
33,Beijing,BRA,0.0002499035987119
34,Beijing,CAN,0.0054780193324849
35,Beijing,CHE,0.0009362913095496
36,Beijing,CHL,0.0001638834905184
37,Beijing,CIV,9.567422712253593e-05
38,Beijing,CUB,0.0001187652843978
39,Beijing,CYP,0.0001434719365365
40,Beijing,CZE,0.0005785768786827
41,Beijing,DEU,0.004100791210249101
42,Beijing,DNK,0.0006099428920003
43,Beijing,DZA,0.0010873683209855
44,Beijing,EGY,0.0008656389606512
45,Beijing,ESP,0.0013689531661932389
46,Beijing,ETH,0.0003294613700091
47,Beijing,FIN,0.0004275392749405
48,Beijing,FRA,0.0025005333872726004
49,Beijing,GBR,0.0049974415433463
50,Beijing,GEO,0.0001653020540061
51,Beijing,GHA,0.0001379552991749
52,Beijing,GIN,0.0001522985506407
53,Beijing,GRC,0.0004332135288912
54,Beijing,HUN,0.0004226137033346
55,Beijing,IDN,0.005906701338336
56,Beijing,IND,0.001504938243818577
57,Beijing,IRL,0.0003220533193926
58,Beijing,IRN,0.0006994700154049
59,Beijing,IRQ,0.0003548772967988
60,Beijing,ISL,0.0001352363881879
61,Beijing,ISR,0.0010669961676044
62,Beijing,ITA,0.0018872016960495824
63,Beijing,JOR,0.0001052889312651
64,Beijing,JPN,0.021861481908337598
65,Beijing,KAZ,0.0006398903489231
66,Beijing,KEN,0.0002064403951483
67,Beijing,KGZ,0.00011328805473
68,Beijing,KHM,0.0016991238179463
69,Beijing,KOR,0.015662241258365298
70,Beijing,KWT,0.0003487301930808
71,Beijing,LKA,0.0009265189817251
72,Beijing,MAR,0.000234575232925
73,Beijing,MDV,0.0011357570961551
74,Beijing,MEX,0.0002268519420374
75,Beijing,MMR,0.0005747152367852
76,Beijing,MNE,0.0001077714173685
77,Beijing,MNG,0.0008980689036774
78,Beijing,MNP,0.0007864752379195
79,Beijing,MUS,0.0001313747391977
80,Beijing,MYS,0.0057782031338071
81,Beijing,NGA,0.0003407704773095
82,Beijing,NLD,0.0006306696862533
83,Beijing,NOR,0.0002420226912352
84,Beijing,NPL,0.0003009718842677
85,Beijing,NZL,0.0015498594185637
86,Beijing,OMN,0.000117031487732
87,Beijing,PAK,0.0009887387438065
88,Beijing,PAN,0.0001051707223696
89,Beijing,PER,0.0001179771943595
90,Beijing,PHL,0.0026670963810846004
91,Beijing,POL,0.0003715060171779
92,Beijing,PRK,0.0002337477422857
93,Beijing,PRT,0.0003295007777028
94,Beijing,QAT,0.0003270182915994
95,Beijing,ROU,0.0001392162460735
96,Beijing,RUS,0.0058093721228416
97,Beijing,SAU,0.0006500567182204
98,Beijing,SDN,0.0002227538752564
99,Beijing,SGP,0.0068927605788493
100,Beijing,SRB,0.000312320392169
101,Beijing,SWE,0.0006028106739611
102,Beijing,TCD,0.0001747591415596
103,Beijing,THA,0.018172113517203502
104,Beijing,TKM,0.0003393125061282
105,Beijing,TUR,0.001096076726194325
106,Beijing,TZA,0.0001598248172454
107,Beijing,UGA,9.252185987616928e-05
108,Beijing,UKR,0.0007462826034049061
109,Beijing,USA,0.018269009304808573
110,Beijing,UZB,0.0006463526929122
111,Beijing,VNM,0.0045193462474037
112,Beijing,ZAF,0.0006037169799877001
113,Beijing,ZMB,0.0001453239491906
114,Beijing,ZWE,0.0001188440997852
115,Chongqing,ARE,0.0015319148682876
116,Chongqing,AUS,0.0030172358831475014
117,Chongqing,CAN,0.00047348530374140003
118,Chongqing,DEU,0.0002180023328618
119,Chongqing,ESP,0.0001474649383974
120,Chongqing,FIN,0.0003610433012088
121,Chongqing,FRA,0.0006597826838063
122,Chongqing,GBR,0.0014200872857632
123,Chongqing,IDN,0.0017730200305121
124,Chongqing,IND,0.0001178490622923
125,Chongqing,ITA,0.0006176323033106
126,Chongqing,JPN,0.004321307119646092
127,Chongqing,KHM,0.0040426941769378996
128,Chongqing,KOR,0.0049113195425082
129,Chongqing,LKA,0.0001463589514147
130,Chongqing,MDV,0.0004195377361371
131,Chongqing,MMR,0.0013883823108465
132,Chongqing,MYS,0.0049111966452346995
133,Chongqing,NZL,0.000608907282603
134,Chongqing,PHL,0.004166115191514439
135,Chongqing,QAT,0.000555942782588
136,Chongqing,RUS,0.0002134554876575
137,Chongqing,SGP,0.0042925812522149
138,Chongqing,THA,0.02119742869913514
139,Chongqing,USA,0.003041218429947
140,Chongqing,VNM,0.0037376215814556
141,Fujian,ARE,0.0002167304181492168
142,Fujian,ARG,0.0002900071549103
143,Fujian,AUS,0.0012835314164828214
144,Fujian,BEL,2.272505290989673e-05
145,Fujian,BGD,4.827303093697812e-05
146,Fujian,BRA,3.330694774654209e-05
147,Fujian,BWA,9.042317546395812e-06
148,Fujian,CAN,0.0005672288304301482
149,Fujian,CHE,8.088210066715426e-06
150,Fujian,DEU,0.00013101751803332645
151,Fujian,DNK,3.8087346310511134e-05
152,Fujian,ESP,0.00022557562284508217
153,Fujian,FRA,0.0002885635961464731
154,Fujian,GBR,0.00038115376616231714
155,Fujian,GRC,1.8518314988339863e-05
156,Fujian,HUN,5.675214778490667e-05
157,Fujian,IDN,0.0019305019718080583
158,Fujian,IND,0.00022714791740662885
159,Fujian,IRL,4.067958013086579e-05
160,Fujian,ISR,3.811047741476922e-05
161,Fujian,ITA,0.0004373148982104629
162,Fujian,JPN,0.003719884271356757
163,Fujian,KEN,6.982316575172201e-06
164,Fujian,KGZ,7.611158278454278e-06
165,Fujian,KHM,0.0018770184500494082
166,Fujian,KOR,0.0017166738248460707
167,Fujian,LKA,5.003204687074832e-05
168,Fujian,LSO,1.060358078300182e-05
169,Fujian,MDV,4.727238375211855e-05
170,Fujian,MEX,2.213957919616948e-05
171,Fujian,MMR,0.00021037978797549154
172,Fujian,MYS,0.0024368266805295967
173,Fujian,NLD,0.0001049224182617791
174,Fujian,NPL,2.8032684457421498e-05
175,Fujian,NZL,0.00018359620277961727
176,Fujian,PHL,0.005339400987035932
177,Fujian,PNG,4.384427963718843e-05
178,Fujian,PRT,7.1991565229463205e-06
179,Fujian,RUS,0.0003106098380409033
180,Fujian,SGP,0.0033619035650645996
181,Fujian,THA,0.002809735427574068
182,Fujian,TUR,4.2460484770304455e-05
183,Fujian,USA,0.002024697345605026
184,Fujian,VNM,0.000949598923113031
185,Fujian,ZAF,0.00017701315918423733
186,Gansu,ARE,0.0001304037867341
187,Gansu,AUS,0.0002596009774628974
188,Gansu,CAN,3.6754374808807134e-05
189,Gansu,DEU,3.359869430732497e-05
190,Gansu,IDN,3.8332206706281206e-05
191,Gansu,JPN,0.0002970050359660868
192,Gansu,KGZ,2.7472959603679108e-05
193,Gansu,KHM,5.0212423514935984e-05
194,Gansu,KOR,0.0001313319182307
195,Gansu,MMR,0.0002056759945484905
196,Gansu,MYS,0.0001075715180265
197,Gansu,NZL,2.942206080632417e-05
198,Gansu,PHL,7.83350835194968e-05
199,Gansu,RUS,3.369151581025123e-05
200,Gansu,SGP,0.0001893407131431
201,Gansu,THA,0.0025882133865252
202,Gansu,USA,5.8472869014011344e-05
203,Guangdong,AGO,4.964231764653636e-05
204,Guangdong,ARE,0.0011127952249224632
205,Guangdong,AUS,0.0032611693494568024
206,Guangdong,AUT,5.206509800717017e-05
207,Guangdong,AZE,8.534127274613265e-05
208,Guangdong,BEL,5.231232267254507e-05
209,Guangdong,BGD,0.0007333861047236
210,Guangdong,BHR,7.320263779640595e-05
211,Guangdong,BRA,0.000103240194339
212,Guangdong,CAN,0.0011458630146781816
213,Guangdong,CHE,8.848099840634197e-05
214,Guangdong,CHL,7.980348207181359e-05
215,Guangdong,CIV,7.527930985552664e-05
216,Guangdong,CMR,0.00012766579636767746
217,Guangdong,COD,0.0002486318603737
218,Guangdong,CRI,6.138539135165988e-05
219,Guangdong,CZE,6.230011727353696e-05
220,Guangdong,DEU,0.0004333793172493631
221,Guangdong,DNK,5.6910663178446216e-05
222,Guangdong,DZA,0.0001517700098913
223,Guangdong,EGY,0.000917196170477
224,Guangdong,ESP,0.00023839130507557395
225,Guangdong,ETH,0.0002998316765021
226,Guangdong,FIN,6.156241856370186e-05
227,Guangdong,FRA,0.0004691163040512973
228,Guangdong,GBR,0.0008025120418959963
229,Guangdong,GEO,3.849257245829249e-05
230,Guangdong,GHA,0.0001514733411829
231,Guangdong,GIN,9.443906567178831e-05
232,Guangdong,GRC,7.131971260898338e-05
233,Guangdong,HUN,5.540260428968109e-05
234,Guangdong,IDN,0.003835648063633476
235,Guangdong,IND,0.001291473640168301
236,Guangdong,IRN,0.0005890327769433
237,Guangdong,IRQ,6.778845945477432e-05
238,Guangdong,ISR,0.0002391385062035
239,Guangdong,ITA,0.000402037901733721
240,Guangdong,JOR,0.0001945889783936
241,Guangdong,JPN,0.005611206636111825
242,Guangdong,KAZ,6.257206173544434e-05
243,Guangdong,KEN,0.0002117215106438
244,Guangdong,KHM,0.0060345816281243
245,Guangdong,KOR,0.004353132255269239
246,Guangdong,KWT,9.278267465380328e-05
247,Guangdong,LAO,1.3016313961605222e-05
248,Guangdong,LBN,0.0001298660763094
249,Guangdong,LKA,0.0006148428255281
250,Guangdong,MAR,0.0001329810821731
251,Guangdong,MDG,0.000149866394208
252,Guangdong,MDV,0.0003330831269945
253,Guangdong,MEX,9.604601264670003e-05
254,Guangdong,MMR,0.001277392778622518
255,Guangdong,MNP,0.0002470249089488
256,Guangdong,MOZ,6.986513151389501e-05
257,Guangdong,MUS,5.312815605826718e-05
258,Guangdong,MYS,0.007089728692789446
259,Guangdong,NGA,0.0007708156191307729
260,Guangdong,NLD,0.00013887863754755438
261,Guangdong,NPL,0.0004244319110492
262,Guangdong,NZL,0.0008021086699059351
263,Guangdong,OMN,8.121265287443211e-05
264,Guangdong,PAK,0.0004647539264511587
265,Guangdong,PAN,0.0001208424516734
266,Guangdong,PHL,0.0022401319771584217
267,Guangdong,POL,8.709655185026433e-05
268,Guangdong,PRT,4.6156474784797154e-05
269,Guangdong,PYF,1.0336707858252623e-05
270,Guangdong,QAT,0.0001129313246815
271,Guangdong,RUS,0.0009241868656758899
272,Guangdong,RWA,7.577375473626807e-05
273,Guangdong,SAU,0.0006150406017003279
274,Guangdong,SDN,0.0001491741687049
275,Guangdong,SEN,9.888907404846953e-05
276,Guangdong,SGP,0.004742099622330128
277,Guangdong,SRB,5.849288590681711e-05
278,Guangdong,SWE,3.935784988708789e-05
279,Guangdong,THA,0.014831149946564757
280,Guangdong,TLS,3.9679242842076937e-05
281,Guangdong,TUN,6.108872709322006e-05
282,Guangdong,TUR,0.0003526384396054
283,Guangdong,TZA,0.000149545005703
284,Guangdong,UGA,0.0001587911307579
285,Guangdong,UKR,4.4252859101437216e-05
286,Guangdong,USA,0.0036371033924094227
287,Guangdong,UZB,6.138539135165988e-05
288,Guangdong,VNM,0.005583765229348108
289,Guangdong,ZAF,9.238711785920846e-05
290,Guangdong,ZMB,8.042153928524249e-05
291,Guangdong,ZWE,4.932092469154731e-05
292,Guangxi,ARE,1.432577462824074e-05
293,Guangxi,AUS,0.0001896632498448169
294,Guangxi,BRN,0.0001314212944821
295,Guangxi,CAN,6.25923129622134e-05
296,Guangxi,DEU,2.6792960036256852e-05
297,Guangxi,DNK,4.744239095498789e-06
298,Guangxi,FRA,2.6846842258021862e-05
299,Guangxi,GBR,5.425721263903435e-05
300,Guangxi,IDN,0.0004274309671371323
301,Guangxi,JPN,0.0002622327760662187
302,Guangxi,KHM,0.0008729447865251961
303,Guangxi,KOR,0.00017550148075390435
304,Guangxi,MMR,0.00012156164882471649
305,Guangxi,MYS,0.0004047824615563
306,Guangxi,NPL,9.347142150919993e-06
307,Guangxi,NZL,2.9570462194505314e-05
308,Guangxi,PHL,0.00010048914329057421
309,Guangxi,POL,6.438626176555888e-06
310,Guangxi,RUS,0.000156046005998
311,Guangxi,SGP,0.0007571225135055145
312,Guangxi,THA,0.0025453674588644232
313,Guangxi,USA,0.0002058159415664926
314,Guangxi,VNM,0.000533592411285512
315,Guangxi,ZAF,3.275786557901821e-06
316,Guizhou,ARE,4.856063851887386e-05
317,Guizhou,AUS,0.00020828854668223577
318,Guizhou,CAN,5.252232624794556e-05
319,Guizhou,FRA,5.726434329808792e-05
320,Guizhou,GBR,8.145462788342995e-05
321,Guizhou,IDN,0.00031255286985709197
322,Guizhou,JPN,0.0007927570017266042
323,Guizhou,KHM,0.0024068933291630443
324,Guizhou,KOR,0.0012398412948950162
325,Guizhou,MYS,0.0004103344371868507
326,Guizhou,NZL,3.937673440502957e-05
327,Guizhou,PHL,8.890121481192614e-05
328,Guizhou,RUS,3.451466752122964e-05
329,Guizhou,SGP,0.00021609123195825554
330,Guizhou,THA,0.0018577297294316
331,Guizhou,USA,0.000168671701805388
332,Guizhou,VNM,0.0007340220869378353
333,Hainan,ARE,0.0001308537705394
334,Hainan,AUS,0.0021923099586793
335,Hainan,BRN,0.0010528206841415
336,Hainan,CAN,0.00047758773575469997
337,Hainan,DEU,0.0001035187108451
338,Hainan,FRA,0.0002800243100612
339,Hainan,GBR,0.0010939002388676
340,Hainan,IDN,0.0048763757629151
341,Hainan,ITA,0.0001387162519942
342,Hainan,JPN,0.0035574989661083
343,Hainan,KHM,0.003567906486667
344,Hainan,KOR,0.010455018026308799
345,Hainan,LAO,0.0005374552324265
346,Hainan,MNG,0.0003132613144125
347,Hainan,MYS,0.0044766242246734
348,Hainan,NPL,0.0001464410944374
349,Hainan,NZL,0.00037263786746400004
350,Hainan,PHL,0.00048108867541889997
351,Hainan,RUS,0.0160513110009168
352,Hainan,SGP,0.0083630268707445
353,Hainan,THA,0.00946804709047
354,Hainan,USA,0.0011368114345589998
355,Hainan,VNM,0.00029203420231010003
356,Hebei,AUS,0.00015933329020959382
357,Hebei,BGD,1.4239416873190095e-05
358,Hebei,IDN,8.623952350271484e-05
359,Hebei,JPN,9.449936482624699e-05
360,Hebei,KHM,0.0007281298234752135
361,Hebei,KOR,0.0005583489466216215
362,Hebei,MYS,4.550833820935402e-05
363,Hebei,NPL,5.916936257838891e-06
364,Hebei,NZL,5.33226462131138e-05
365,Hebei,PHL,7.940939690846436e-05
366,Hebei,SGP,0.00023881431877971498
367,Hebei,THA,0.0021245664830833576
368,Hebei,USA,6.851148047534816e-06
369,Hebei,VNM,3.568105186809569e-05
370,Heilongjiang,ARE,0.00027378522613073943
371,Heilongjiang,AUS,0.0008721379302501006
372,Heilongjiang,CAN,0.0002737059991054606
373,Heilongjiang,CZE,5.925289055139417e-05
374,Heilongjiang,DEU,3.664585584256988e-05
375,Heilongjiang,FRA,0.0001369190455906
376,Heilongjiang,GBR,0.0001667432856828191
377,Heilongjiang,IDN,0.0003553285723226225
378,Heilongjiang,IND,5.5544422883211246e-05
379,Heilongjiang,ITA,0.0001170893913957
380,Heilongjiang,JPN,0.0050585733004199175
381,Heilongjiang,KHM,0.0002731019979559366
382,Heilongjiang,KOR,0.005458001736968062
383,Heilongjiang,MNP,6.916771764882483e-05
384,Heilongjiang,MYS,0.0008510461862178804
385,Heilongjiang,NPL,3.9974061657949946e-05
386,Heilongjiang,NZL,0.0001330632684807
387,Heilongjiang,PHL,0.0002697462420381097
388,Heilongjiang,RUS,0.002782519198947655
389,Heilongjiang,SGP,0.0017302924170080887
390,Heilongjiang,THA,0.0027358129870374073
391,Heilongjiang,USA,0.00046917043849602214
392,Heilongjiang,VNM,0.00041921393633992306
393,Henan,ARE,0.00038791865417404215
394,Henan,AUS,0.003017582836437515
395,Henan,BGD,0.00012183635371254607
396,Henan,CAN,0.0007699252018404612
397,Henan,DEU,8.844644843146206e-05
398,Henan,FRA,0.000123263977701
399,Henan,GBR,0.0001678172226531
400,Henan,IDN,0.0017867121765437225
401,Henan,IND,0.00019562174444340833
402,Henan,IRN,6.064191179009772e-05
403,Henan,JPN,0.002645370501895558
404,Henan,KGZ,5.29688628379445e-05
405,Henan,KHM,0.0019135032463279112
406,Henan,KOR,0.00199307579521935
407,Henan,LKA,0.0001098154916057
408,Henan,MDV,0.0001011523655931
409,Henan,MMR,0.0002083276764561611
410,Henan,MYS,0.0010096898998026883
411,Henan,NPL,9.669704109793027e-05
412,Henan,NZL,0.0002826793632491253
413,Henan,PAK,0.00012318146509136173
414,Henan,PHL,0.0008729810840289151
415,Henan,RUS,0.0001252735448490089
416,Henan,SGP,0.002131899126839465
417,Henan,THA,0.010681088423976415
418,Henan,USA,0.0010621367486753136
419,Henan,VNM,0.003740800901670933
420,Hong Kong,ARE,0.00011637213815612734
421,Hong Kong,ARG,3.6458194339155295e-06
422,Hong Kong,AUS,0.000482422424829487
423,Hong Kong,AUT,2.0581777139405723e-05
424,Hong Kong,BEL,2.2109559062950896e-05
425,Hong Kong,BGD,8.117579664369599e-06
426,Hong Kong,BHR,3.073292290860406e-06
427,Hong Kong,BRA,6.103827691536002e-06
428,Hong Kong,BRN,1.083317295192364e-05
429,Hong Kong,CAN,0.00017961500911249233
430,Hong Kong,CHE,5.133660043137148e-05
431,Hong Kong,CHL,3.657290813010362e-06
432,Hong Kong,CZE,7.658723749720994e-06
433,Hong Kong,DEU,0.00010793023068777579
434,Hong Kong,DNK,1.539044733817496e-05
435,Hong Kong,EGY,9.012348923190952e-06
436,Hong Kong,ESP,4.136378260098468e-05
437,Hong Kong,ETH,8.112365537663816e-06
438,Hong Kong,FIN,2.0817462349119077e-05
439,Hong Kong,FJI,1.0697601903296904e-05
440,Hong Kong,FRA,8.638589876523532e-05
441,Hong Kong,GBR,0.0003162654540493498
442,Hong Kong,GRC,5.611600202144713e-06
443,Hong Kong,GUM,1.4656277762108903e-05
444,Hong Kong,HUN,5.747171438485269e-06
445,Hong Kong,IDN,0.0003884476737146335
446,Hong Kong,IND,0.0001966396094122605
447,Hong Kong,IRL,1.401179353057644e-05
448,Hong Kong,IRN,3.298548871734553e-06
449,Hong Kong,ISL,5.844156785663537e-06
450,Hong Kong,ISR,2.8990313408451588e-05
451,Hong Kong,ITA,5.817981201339313e-05
452,Hong Kong,JOR,4.462374539584312e-06
453,Hong Kong,JPN,0.0020183417217100818
454,Hong Kong,KAZ,4.123446918017462e-06
455,Hong Kong,KEN,3.2307633474211827e-06
456,Hong Kong,KHM,0.00021369028128402935
457,Hong Kong,KOR,0.0011223815854073818
458,Hong Kong,LAO,6.169527527624294e-06
459,Hong Kong,LKA,1.8173826150042376e-05
460,Hong Kong,MAR,1.036701703463036e-05
461,Hong Kong,MDG,3.50190563238848e-06
462,Hong Kong,MDV,2.665014775568778e-05
463,Hong Kong,MEX,5.525043296091831e-06
464,Hong Kong,MMR,4.4759316819897495e-05
465,Hong Kong,MNG,7.97158017461747e-06
466,Hong Kong,MNP,2.4401753323396463e-05
467,Hong Kong,MUS,6.914125544815739e-06
468,Hong Kong,MYS,0.0005132293908902242
469,Hong Kong,NGA,4.897244945787618e-06
470,Hong Kong,NLD,3.824043322958095e-05
471,Hong Kong,NOR,8.675506989849177e-06
472,Hong Kong,NPL,2.762521685588678e-05
473,Hong Kong,NZL,9.335425276704452e-05
474,Hong Kong,PAK,1.583783206144255e-05
475,Hong Kong,PHL,0.0007447034704965893
476,Hong Kong,PLW,1.0148017518431443e-05
477,Hong Kong,PNG,6.2487844310324974e-06
478,Hong Kong,POL,7.275996112286071e-06
479,Hong Kong,PRT,1.0530745155866368e-05
480,Hong Kong,QAT,1.21523839881091e-05
481,Hong Kong,ROU,3.4049200974963945e-06
482,Hong Kong,RUS,4.700353987573866e-05
483,Hong Kong,SAU,3.5728195951825584e-06
484,Hong Kong,SGP,0.00064967230769
485,Hong Kong,SRB,4.790873720025777e-06
486,Hong Kong,SWE,2.665536207010738e-05
487,Hong Kong,THA,0.0013757702102564547
488,Hong Kong,TUR,1.612878829069117e-05
489,Hong Kong,UKR,5.0119589244497695e-06
490,Hong Kong,USA,0.0004560767905579936
491,Hong Kong,VNM,0.00040859562319823974
492,Hong Kong,ZAF,2.8507471797643857e-05
493,Hunan,ARE,0.00023872302555765821
494,Hunan,AUS,0.0012640793639591124
495,Hunan,BGD,8.86955718710069e-05
496,Hunan,CAN,0.00019784530922362532
497,Hunan,DEU,0.0004108486206792
498,Hunan,FRA,0.000113654521776
499,Hunan,GBR,0.000661107726895
500,Hunan,IDN,0.0020368473702768
501,Hunan,IND,5.8379589322227626e-05
502,Hunan,ITA,3.597740599328981e-05
503,Hunan,JPN,0.0016049820708507422
504,Hunan,KHM,0.0017871268949590001
505,Hunan,KOR,0.005056304729933849
506,Hunan,LAO,0.0002318747083272
507,Hunan,LKA,6.46497614955321e-05
508,Hunan,MDV,3.390763840021701e-05
509,Hunan,MMR,0.0003800853022379314
510,Hunan,MYS,0.0034065310731162
511,Hunan,NLD,3.7255794760137145e-05
512,Hunan,NPL,6.099723625000833e-05
513,Hunan,NZL,0.0001493275588837
514,Hunan,PAK,4.407384626814951e-05
515,Hunan,PHL,0.0008355259548543314
516,Hunan,RUS,0.0001215683319534
517,Hunan,SGP,0.0006573717544972074
518,Hunan,THA,0.0100122552520339
519,Hunan,USA,0.0009237854386690743
520,Hunan,VNM,0.004018036247389864
521,Hunan,ZAF,4.8274261805967854e-05
522,Inner Mongolia,ARE,1.5465379159689396e-05
523,Inner Mongolia,AUS,0.00010762049163634144
524,Inner Mongolia,CAN,4.822777676118222e-06
525,Inner Mongolia,FRA,2.133715322157121e-06
526,Inner Mongolia,GBR,2.0142322192585174e-05
527,Inner Mongolia,IDN,5.772515186481383e-05
528,Inner Mongolia,JPN,0.00033451086463697876
529,Inner Mongolia,KGZ,3.9459075728576096e-06
530,Inner Mongolia,KHM,0.00033302450900994
531,Inner Mongolia,KOR,0.00010268444557171041
532,Inner Mongolia,MNG,0.0001023522112723
533,Inner Mongolia,MYS,3.6346691728379926e-05
534,Inner Mongolia,NZL,1.8728160508267584e-05
535,Inner Mongolia,PAK,4.313382260585752e-05
536,Inner Mongolia,RUS,0.0011930129729288718
537,Inner Mongolia,SGP,6.727469063171084e-05
538,Inner Mongolia,THA,0.0006729278384076259
539,Inner Mongolia,USA,3.657883157055232e-05
540,Inner Mongolia,VNM,0.000545706924566
541,Jiangsu,ARE,0.0001438467726608421
542,Jiangsu,AUS,0.0011311898190837482
543,Jiangsu,AUT,2.269015291389292e-05
544,Jiangsu,BEL,2.394179816248933e-05
545,Jiangsu,BGD,0.00010695986721569368
546,Jiangsu,CAN,0.00026879716329080875
547,Jiangsu,CHE,4.810825771032716e-05
548,Jiangsu,DEU,0.0003312377021619708
549,Jiangsu,DNK,2.910886560445448e-05
550,Jiangsu,ESP,8.398886459675565e-05
551,Jiangsu,FIN,8.796846750473536e-05
552,Jiangsu,FRA,0.0001087650987018
553,Jiangsu,GBR,0.0002459971865398521
554,Jiangsu,HUN,2.0154760505710592e-05
555,Jiangsu,IDN,0.0007195908246003099
556,Jiangsu,IND,9.108153833599467e-05
557,Jiangsu,ISR,2.5803229521994204e-05
558,Jiangsu,ITA,0.0003941089973275489
559,Jiangsu,JPN,0.004073915058890055
560,Jiangsu,KAZ,4.6561510410819125e-06
561,Jiangsu,KGZ,5.3390514058133575e-06
562,Jiangsu,KHM,0.0009876403130648
563,Jiangsu,KOR,0.0025051510913343678
564,Jiangsu,LKA,4.971293732717803e-05
565,Jiangsu,MDV,9.62486057779598e-05
566,Jiangsu,MMR,0.00028473412406849997
567,Jiangsu,MYS,0.0005390821480624315
568,Jiangsu,NLD,3.533501882065703e-05
569,Jiangsu,NPL,6.553506055665442e-05
570,Jiangsu,NZL,0.00016927875151163534
571,Jiangsu,PAK,2.0604071722723566e-05
572,Jiangsu,PHL,0.00018237081790004208
573,Jiangsu,RUS,5.131761116718693e-05
574,Jiangsu,SGP,0.0018367833230364047
575,Jiangsu,SWE,4.053417661992768e-05
576,Jiangsu,THA,0.006435727865337723
577,Jiangsu,USA,0.0005862125537716874
578,Jiangsu,VNM,0.0009260685492713331
579,Jiangsu,ZAF,3.5367109177962544e-05
580,Jiangxi,ARE,0.000351844989164
581,Jiangxi,AUS,0.0006569840422089222
582,Jiangxi,BGD,0.0001510324231387
583,Jiangxi,CAN,0.00018481397330823965
584,Jiangxi,DEU,6.317003836247518e-05
585,Jiangxi,FRA,0.00019408072142018697
586,Jiangxi,GBR,0.0001133121989208
587,Jiangxi,IDN,0.0018239770275514414
588,Jiangxi,IND,4.893025036369637e-05
589,Jiangxi,JPN,0.0017890693876551024
590,Jiangxi,KEN,4.5143102582816575e-05
591,Jiangxi,KHM,0.0018826111461488098
592,Jiangxi,KOR,0.0008504372668152742
593,Jiangxi,MMR,0.00013103613670112466
594,Jiangxi,MYS,0.0007697031575627893
595,Jiangxi,NPL,7.044139046010846e-05
596,Jiangxi,NZL,0.0001367926624075
597,Jiangxi,PHL,0.0004685157345264569
598,Jiangxi,RUS,6.847206706981772e-05
599,Jiangxi,SGP,0.003464770304345
600,Jiangxi,THA,0.013277463802604805
601,Jiangxi,USA,0.0004944531969502
602,Jiangxi,VNM,0.0011295683636239
603,Jilin,ARE,3.787789496234106e-05
604,Jilin,AUS,0.00017824663294610751
605,Jilin,CAN,2.6384466562442933e-05
606,Jilin,DEU,7.858460031002347e-05
607,Jilin,FJI,1.5414105952942114e-07
608,Jilin,FRA,1.4525108370572948e-05
609,Jilin,GBR,2.7173730618416975e-05
610,Jilin,IDN,7.20271597083902e-05
611,Jilin,IND,1.864550770414701e-05
612,Jilin,ITA,1.9071698386869745e-07
613,Jilin,JPN,0.0005148884533676658
614,Jilin,KHM,3.55894263001301e-05
615,Jilin,KOR,0.001960909979603516
616,Jilin,LKA,6.379204875428281e-06
617,Jilin,MDV,8.949115899807863e-06
618,Jilin,MNP,6.785778468541523e-06
619,Jilin,MYS,9.91014927532762e-05
620,Jilin,NZL,2.7015165841224337e-05
621,Jilin,PHL,6.265616559433888e-05
622,Jilin,RUS,0.00015212306666743437
623,Jilin,SGP,0.0003471082084491915
624,Jilin,THA,0.0005159836027889261
625,Jilin,USA,0.00010174850893355681
626,Jilin,VNM,0.00014400138193079812
627,Jilin,ZAF,5.941774677564274e-06
628,Liaoning,ARE,8.177084884228162e-05
629,Liaoning,AUS,0.0003569042240060793
630,Liaoning,AUT,5.49739480760529e-06
631,Liaoning,BGD,2.086727462833805e-05
632,Liaoning,CAN,0.00013015512494917358
633,Liaoning,DEU,0.0001087904353103048
634,Liaoning,DNK,6.250280992375057e-06
635,Liaoning,ESP,2.4817378456362894e-05
636,Liaoning,FJI,8.984871461028605e-06
637,Liaoning,FRA,4.790904724729174e-05
638,Liaoning,GBR,8.659010268690635e-05
639,Liaoning,IDN,0.00013701225883898477
640,Liaoning,IND,2.7659507452769645e-05
641,Liaoning,IRL,1.592975193975393e-05
642,Liaoning,ISR,4.476028020634974e-06
643,Liaoning,ITA,4.203788024151101e-05
644,Liaoning,JPN,0.002772381216053124
645,Liaoning,KHM,0.00019226639198014018
646,Liaoning,KOR,0.0026819734168175525
647,Liaoning,LKA,1.2728902512019848e-05
648,Liaoning,MDV,2.026014329141542e-05
649,Liaoning,MMR,1.7951057896328016e-05
650,Liaoning,MNP,8.459016775152727e-06
651,Liaoning,MYS,0.00022242677129251379
652,Liaoning,NLD,1.197853673355925e-05
653,Liaoning,NPL,1.0360561921925544e-05
654,Liaoning,NZL,9.155539918994905e-05
655,Liaoning,PHL,8.908878062360676e-05
656,Liaoning,PRK,1.808053249294189e-05
657,Liaoning,RUS,2.770557121556987e-05
658,Liaoning,SGP,0.0005543971676218552
659,Liaoning,THA,0.0010884493065040008
660,Liaoning,TUR,6.515079607790314e-06
661,Liaoning,USA,0.0003490648779797897
662,Liaoning,VNM,0.00014649483856959603
663,Liaoning,ZAF,5.088418864950546e-06
664,Qinghai,ARE,8.777273169572145e-06
665,Qinghai,AUS,8.615591555037323e-05
666,Qinghai,CAN,2.5099933190623217e-05
667,Qinghai,DEU,1.8709460550646176e-05
668,Qinghai,ESP,1.6598637381217954e-05
669,Qinghai,FRA,2.6485819157337744e-05
670,Qinghai,IDN,9.701201767001716e-06
671,Qinghai,ITA,1.3396902297860358e-05
672,Qinghai,JPN,0.00011604246118578447
673,Qinghai,KHM,0.0004589592405965
674,Qinghai,KOR,5.4357524281390025e-05
675,Qinghai,LKA,1.624566019674041e-05
676,Qinghai,MYS,0.0001404364400074
677,Qinghai,NPL,1.855547476088452e-05
678,Qinghai,SGP,2.42530044175043e-05
679,Qinghai,THA,0.0003267611027062448
680,Qinghai,USA,5.6590339021223474e-05
681,Qinghai,VNM,0.0003513220925620554
682,Shaanxi,ARE,0.0001927005349553
683,Shaanxi,AUS,0.0014585884185060868
684,Shaanxi,CAN,0.0002776216070127707
685,Shaanxi,CZE,0.0002158755385096
686,Shaanxi,DEU,5.055205962905485e-05
687,Shaanxi,ESP,8.650301453547484e-05
688,Shaanxi,FRA,0.0001818770517565
689,Shaanxi,GBR,0.0005134577989667
690,Shaanxi,IDN,0.0008922798866467
691,Shaanxi,IND,8.23434028227075e-05
692,Shaanxi,ITA,8.777636864596519e-05
693,Shaanxi,JPN,0.0020373200485180694
694,Shaanxi,KAZ,9.537402958095796e-05
695,Shaanxi,KGZ,6.387980260109002e-05
696,Shaanxi,KHM,0.0010871875728014
697,Shaanxi,KOR,0.003410205271426
698,Shaanxi,MMR,0.00065492715261
699,Shaanxi,MNP,4.401551820600974e-05
700,Shaanxi,MYS,0.0021548079621415946
701,Shaanxi,NPL,0.0003242801948488
702,Shaanxi,NZL,0.0001898567181606
703,Shaanxi,PAK,7.062856334245903e-05
704,Shaanxi,PHL,0.0004740687871978
705,Shaanxi,RUS,8.442320867909118e-05
706,Shaanxi,SGP,0.0014788705087291
707,Shaanxi,THA,0.006766165758594638
708,Shaanxi,USA,0.0006267436371492686
709,Shaanxi,VNM,0.000957051037889045
710,Shandong,ARE,7.269642601317955e-05
711,Shandong,AUS,0.00040189557195763055
712,Shandong,BGD,5.518454345532011e-05
713,Shandong,CAN,5.212374845394966e-05
714,Shandong,DEU,2.0446852031891456e-05
715,Shandong,FIN,0.0001501113545991
716,Shandong,FRA,0.0002276206551618
717,Shandong,GBR,2.5951772643899665e-05
718,Shandong,IDN,0.00038565697897789697
719,Shandong,IND,7.524441842170734e-05
720,Shandong,JPN,0.0009133083558324752
721,Shandong,KEN,1.2173741507410497e-05
722,Shandong,KGZ,1.2645590066032377e-05
723,Shandong,KHM,0.0006091009512240821
724,Shandong,KOR,0.001835032038491031
725,Shandong,MMR,4.483224912863441e-05
726,Shandong,MYS,0.00019730002684114294
727,Shandong,NPL,1.978625952005655e-05
728,Shandong,NZL,9.440163814077626e-05
729,Shandong,PAK,4.8217899002034514e-05
730,Shandong,PHL,7.542763511057888e-05
731,Shandong,RUS,0.0003859736667347
732,Shandong,SGP,0.0006882181516206399
733,Shandong,THA,0.002302579742521567
734,Shandong,USA,0.00032441291313512117
735,Shandong,VNM,0.0005102125123196365
736,Shanghai,AGO,0.0001000494574218
737,Shanghai,ARE,0.0022230154313013
738,Shanghai,ARG,0.0001206004130547
739,Shanghai,AUS,0.0056130214140389
740,Shanghai,AUT,0.0003287441045572
741,Shanghai,BEL,0.0003778433311641
742,Shanghai,BGD,0.0002120830193221
743,Shanghai,BGR,7.30199657029952e-05
744,Shanghai,BHR,9.691698054754316e-05
745,Shanghai,BRA,0.0002854826798389
746,Shanghai,BRN,0.00016927248353
747,Shanghai,CAN,0.002956110279974318
748,Shanghai,CHE,0.0005911128962454
749,Shanghai,CHL,0.0002229517678824
750,Shanghai,CZE,0.0002840825602855
751,Shanghai,DEU,0.0036058859459257965
752,Shanghai,DNK,0.0003438132245922
753,Shanghai,DZA,0.0001589258137369
754,Shanghai,EGY,0.000476160431265
755,Shanghai,ESP,0.0016780116687416693
756,Shanghai,ETH,0.0002803568062601
757,Shanghai,FIN,0.0003204620213095
758,Shanghai,FJI,6.400222562234585e-05
759,Shanghai,FRA,0.0016849173609591692
760,Shanghai,GBR,0.0033170572111470647
761,Shanghai,GHA,7.09316506345083e-05
762,Shanghai,GRC,0.0002566496409582
763,Shanghai,GUM,5.802203978043177e-05
764,Shanghai,HUN,0.0002041806308882
765,Shanghai,IDN,0.0037720971466941996
766,Shanghai,IND,0.0019233654050080189
767,Shanghai,IRL,0.0001659738899077
768,Shanghai,IRN,0.0003919157507111
769,Shanghai,ISL,0.0001108470161411
770,Shanghai,ISR,0.0005157435675473
771,Shanghai,ITA,0.0017942693349113
772,Shanghai,JOR,8.486168622815851e-05
773,Shanghai,JPN,0.03330514999153628
774,Shanghai,KEN,8.099354824940112e-05
775,Shanghai,KHM,0.0018078434042144002
776,Shanghai,KOR,0.0166107967511131
777,Shanghai,LBN,8.177666640008371e-05
778,Shanghai,LKA,0.0006850160510773
779,Shanghai,MAR,0.0001986750624956
780,Shanghai,MDV,0.000601625678515
781,Shanghai,MEX,0.0003543972052457592
782,Shanghai,MMR,0.0004931042925742999
783,Shanghai,MNP,0.0005934147893797
784,Shanghai,MUS,0.0002608025511152
785,Shanghai,MYS,0.004803869049695512
786,Shanghai,NGA,9.660847984620404e-05
787,Shanghai,NLD,0.0005486108568831
788,Shanghai,NOR,0.0001491012227109
789,Shanghai,NPL,0.0001599699712712
790,Shanghai,NZL,0.0014903002817134
791,Shanghai,PAK,0.0002408923296796894
792,Shanghai,PER,0.0001062906826473
793,Shanghai,PHL,0.0034382746298761125
794,Shanghai,POL,0.0001649059995788
795,Shanghai,PRT,0.0002111812457412
796,Shanghai,QAT,0.0001035379005868
797,Shanghai,ROU,0.0001632922976881
798,Shanghai,RUS,0.0009412385316324
799,Shanghai,SDN,8.851624186957193e-05
800,Shanghai,SGP,0.0067762862157215
801,Shanghai,SRB,0.0002534222414484
802,Shanghai,SWE,0.0004167620004543
803,Shanghai,THA,0.01584217676222216
804,Shanghai,TUR,0.0004622778569892
805,Shanghai,TZA,6.635158434595498e-05
806,Shanghai,UKR,0.0001089722748669
807,Shanghai,USA,0.012670898451639713
808,Shanghai,VNM,0.004082165032621227
809,Shanghai,ZAF,0.0002851979119322688
810,Shanxi,ARE,5.58249027957974e-05
811,Shanxi,AUS,0.0005263915810324639
812,Shanxi,CAN,7.587743570965517e-05
813,Shanxi,DEU,1.2390237368496053e-05
814,Shanxi,GBR,3.071758294142769e-05
815,Shanxi,IDN,0.000367185688337389
816,Shanxi,JPN,0.0004521600902708098
817,Shanxi,KHM,0.00035472440750670026
818,Shanxi,KOR,0.00016050307667654482
819,Shanxi,MYS,9.339105959745806e-05
820,Shanxi,NZL,5.493614696041812e-05
821,Shanxi,PHL,6.932798677459115e-05
822,Shanxi,RUS,0.0001735293643898
823,Shanxi,SGP,0.0003531563990450047
824,Shanxi,THA,0.0020913030802989603
825,Shanxi,USA,0.00017141856303179334
826,Shanxi,VNM,6.287939786478068e-05
827,Sichuan,ARE,0.0006205025608024999
828,Sichuan,AUS,0.0010236068950994132
829,Sichuan,BGD,3.205197473125628e-05
830,Sichuan,CAN,0.0002936028137198697
831,Sichuan,CHE,4.788518605366719e-05
832,Sichuan,CZE,0.00015802368636
833,Sichuan,DEU,0.0001511352103427238
834,Sichuan,DNK,0.0001553505455844
835,Sichuan,EGY,0.0002861801746389
836,Sichuan,ESP,0.0001703098453214513
837,Sichuan,ETH,0.000120676836097
838,Sichuan,FRA,0.0002171154957116
839,Sichuan,GBR,0.00038251601758779977
840,Sichuan,IDN,0.0005510878906330449
841,Sichuan,IND,8.419583093414365e-05
842,Sichuan,ISR,0.0001793830979888
843,Sichuan,ITA,0.00010481791945160293
844,Sichuan,JPN,0.0020139856005261135
845,Sichuan,KEN,4.662572700845935e-05
846,Sichuan,KHM,0.0009070181511100495
847,Sichuan,KOR,0.0013621529841575627
848,Sichuan,LAO,2.1991022883002256e-05
849,Sichuan,LKA,0.0002863857987171
850,Sichuan,MAR,3.086962240206488e-05
851,Sichuan,MDV,8.502640761188329e-05
852,Sichuan,MMR,0.0003790250651199699
853,Sichuan,MNP,3.1332281204515766e-05
854,Sichuan,MYS,0.0017158558100181084
855,Sichuan,NLD,5.8577744529578016e-05
856,Sichuan,NPL,0.0004093759288264
857,Sichuan,NZL,0.00025862627057
858,Sichuan,PAK,7.674995518730757e-05
859,Sichuan,PHL,0.0006224285936409026
860,Sichuan,QAT,5.1432238414653374e-05
861,Sichuan,RUS,0.00044805934485050004
862,Sichuan,SGP,0.0013409790126715808
863,Sichuan,THA,0.00971055653952221
864,Sichuan,USA,0.0013199141573726693
865,Sichuan,VNM,0.0022383861223719075
866,Sichuan,ZAF,5.086676294653382e-05
867,Sichuan,ZMB,3.361987452029408e-05
868,Taiwan,ARE,8.224719897350505e-06
869,Taiwan,ARG,1.2893220049968012e-06
870,Taiwan,AUS,6.219964122853675e-05
871,Taiwan,AUT,1.527613042928717e-05
872,Taiwan,BEL,1.4689249462277169e-06
873,Taiwan,BGD,1.6778566578778512e-06
874,Taiwan,BRA,1.7350642400395255e-06
875,Taiwan,BRN,2.4386052558429587e-06
876,Taiwan,CAN,3.411505236805605e-05
877,Taiwan,CHE,4.506477877572595e-06
878,Taiwan,CHL,6.043892262248174e-07
879,Taiwan,CZE,2.3865535403965814e-06
880,Taiwan,DEU,2.3746639387000454e-05
881,Taiwan,DNK,1.8328784494478722e-06
882,Taiwan,EGY,4.502850111022669e-06
883,Taiwan,ESP,1.0038462843762221e-05
884,Taiwan,FIN,1.385327566993655e-06
885,Taiwan,FRA,1.9066334249720502e-05
886,Taiwan,GBR,2.585707955770598e-05
887,Taiwan,GRC,9.373479982091738e-07
888,Taiwan,GUM,7.449245991146704e-06
889,Taiwan,HUN,1.139009861561896e-06
890,Taiwan,IDN,9.897310854888593e-05
891,Taiwan,IND,2.0063955687324726e-05
892,Taiwan,IRL,6.730470304578318e-07
893,Taiwan,ISR,2.9487337852658844e-06
894,Taiwan,ITA,1.3646513168467089e-05
895,Taiwan,JOR,8.369237412694975e-07
896,Taiwan,JPN,0.001450053915778717
897,Taiwan,KHM,4.215214154515953e-05
898,Taiwan,KOR,0.0005139924454025617
899,Taiwan,LKA,2.6588656345519852e-06
900,Taiwan,MAR,1.2779374487036798e-06
901,Taiwan,MDV,2.5593828807251857e-06
902,Taiwan,MEX,6.384675774344831e-07
903,Taiwan,MMR,1.3019108567334046e-05
904,Taiwan,MNG,6.319526224051683e-07
905,Taiwan,MUS,4.237914742480924e-07
906,Taiwan,MYS,0.00019912334886759385
907,Taiwan,NLD,9.745329956669774e-06
908,Taiwan,NOR,9.0257466399837e-07
909,Taiwan,NPL,2.195230134070624e-06
910,Taiwan,NZL,1.889197316646353e-05
911,Taiwan,PHL,0.0001632274477019584
912,Taiwan,PLW,2.804446204014812e-06
913,Taiwan,POL,1.7478813894372742e-06
914,Taiwan,PRT,2.3516073948110578e-06
915,Taiwan,RUS,1.7756328044556417e-06
916,Taiwan,SGP,0.00020324562363457845
917,Taiwan,SWE,1.6303932150699013e-06
918,Taiwan,THA,0.0002964891434290554
919,Taiwan,TUR,1.3606942292552412e-05
920,Taiwan,USA,0.00019658599735127287
921,Taiwan,VNM,0.0003762069792785355
922,Taiwan,ZAF,4.0772216165915705e-06
923,Tianjin,ARE,5.384245021748855e-05
924,Tianjin,AUS,0.0003615959986953178
925,Tianjin,BGD,3.4365767619776954e-05
926,Tianjin,CAN,0.0001282878753278
927,Tianjin,GBR,0.0001234805148491
928,Tianjin,GEO,3.3761414691715894e-05
929,Tianjin,IDN,0.0006187761121683999
930,Tianjin,IND,1.4477027106517308e-05
931,Tianjin,JPN,0.0036717254169644563
932,Tianjin,KHM,0.0003987912507770107
933,Tianjin,KOR,0.0037990243542840025
934,Tianjin,LKA,1.5960441536147972e-05
935,Tianjin,MMR,2.785522486371525e-05
936,Tianjin,MNG,2.626192898256708e-05
937,Tianjin,MNP,1.530114293761339e-05
938,Tianjin,MYS,0.0009347433856797895
939,Tianjin,NPL,1.90371518469268e-05
940,Tianjin,NZL,0.00011153079079580803
941,Tianjin,PHL,0.0004367831359651877
942,Tianjin,SGP,0.001073497575576
943,Tianjin,THA,0.0040183499220215685
944,Tianjin,USA,0.00015199503831132225
945,Tianjin,VNM,0.0006861066415946649
946,Tibet,JPN,1.018623928685111e-05
947,Tibet,NPL,0.0001103228833431
948,Tibet,SGP,7.3326877927499036e-06
949,Tibet,THA,5.337822849996496e-06
950,Xinjiang,AFG,9.790773558095344e-05
951,Xinjiang,ARE,0.0004729021384928
952,Xinjiang,AUS,0.00018586894593895168
953,Xinjiang,AZE,7.277595664192822e-05
954,Xinjiang,DEU,1.907890835169218e-05
955,Xinjiang,GBR,5.2033396260470686e-05
956,Xinjiang,GEO,8.392596967121222e-05
957,Xinjiang,IRN,4.244084253686115e-05
958,Xinjiang,JPN,0.00012321649389821548
959,Xinjiang,KAZ,0.0030957716423277797
960,Xinjiang,KGZ,0.0004167627085199
961,Xinjiang,KOR,5.6824332920495964e-05
962,Xinjiang,MYS,4.753799135024812e-05
963,Xinjiang,PAK,0.000277299052779
964,Xinjiang,RUS,0.0002699011147055912
965,Xinjiang,SGP,4.293640008737065e-05
966,Xinjiang,THA,0.0005554830279350188
967,Xinjiang,TJK,0.0002589280810545854
968,Xinjiang,TKM,5.167942476112504e-05
969,Xinjiang,TUR,2.5804315867771543e-05
970,Xinjiang,USA,3.514909081612634e-05
971,Xinjiang,UZB,0.0002518487084106
972,Xinjiang,VNM,2.7786539698373595e-05
973,Yunnan,ARE,0.0001035969509369
974,Yunnan,AUS,0.00023876630600264007
975,Yunnan,BGD,8.676491280144299e-05
976,Yunnan,BRN,8.266049873737278e-05
977,Yunnan,CAN,7.206401191803671e-05
978,Yunnan,DEU,2.212041615560551e-05
979,Yunnan,FRA,5.825108488965573e-05
980,Yunnan,GBR,5.979023838773434e-05
981,Yunnan,IDN,9.063253265354128e-05
982,Yunnan,IND,0.00022059243991913864
983,Yunnan,JPN,0.0005283641816228033
984,Yunnan,KHM,0.0012709076464219
985,Yunnan,KOR,0.000638571597093173
986,Yunnan,LAO,0.000210607664081
987,Yunnan,LKA,7.45503387121074e-05
988,Yunnan,MDV,0.000106596327713
989,Yunnan,MMR,0.0011498472120375
990,Yunnan,MYS,0.0013522855166523443
991,Yunnan,NPL,0.0001672350748457
992,Yunnan,NZL,4.222809038918866e-05
993,Yunnan,PHL,0.00036793689686037765
994,Yunnan,RUS,0.0001213958931474
995,Yunnan,SGP,0.0004067117599325
996,Yunnan,THA,0.0063749838360338314
997,Yunnan,USA,0.00016628790510169172
998,Yunnan,VNM,0.0009702594298894718
999,Zhejiang,ARE,0.0013039196476629
1000,Zhejiang,AUS,0.0035394852291816617
1001,Zhejiang,AUT,0.0001806229011229376
1002,Zhejiang,BEL,0.0003710593560409422
1003,Zhejiang,BGD,0.0003866858465718813
1004,Zhejiang,BRA,0.0003534946920727
1005,Zhejiang,BRN,0.0002674163839621
1006,Zhejiang,CAN,0.000488385173478664
1007,Zhejiang,CZE,0.0001028622032142
1008,Zhejiang,DEU,0.00045723788549783975
1009,Zhejiang,DZA,0.0001692107423348
1010,Zhejiang,ESP,0.0021015947801786756
1011,Zhejiang,FRA,0.0023643981073022
1012,Zhejiang,GBR,0.0007563337868897542
1013,Zhejiang,GEO,7.984945057996693e-05
1014,Zhejiang,GRC,0.0001111880481663058
1015,Zhejiang,HUN,0.00019869809912088492
1016,Zhejiang,IDN,0.0045772444661560385
1017,Zhejiang,IND,0.0014063998247780037
1018,Zhejiang,IRN,8.594036128209641e-05
1019,Zhejiang,ISR,0.0002041181871216179
1020,Zhejiang,ITA,0.007337297533755604
1021,Zhejiang,JOR,0.0002083428029296
1022,Zhejiang,JPN,0.010735481745234834
1023,Zhejiang,KAZ,8.235255798360173e-05
1024,Zhejiang,KHM,0.0031525330003147117
1025,Zhejiang,KOR,0.0133203336189099
1026,Zhejiang,LBN,7.62616472814723e-05
1027,Zhejiang,LKA,0.00036377142218106
1028,Zhejiang,MAR,9.570251920490376e-05
1029,Zhejiang,MDV,0.0004135047415332662
1030,Zhejiang,MMR,0.001464466810292314
1031,Zhejiang,MNP,0.0009636167662842
1032,Zhejiang,MYS,0.0066362975843397
1033,Zhejiang,NLD,0.00036800166097109997
1034,Zhejiang,NPL,0.0003676485359078294
1035,Zhejiang,NZL,0.00038129976404603915
1036,Zhejiang,PAK,0.00026533045111327036
1037,Zhejiang,PHL,0.002236671252470632
1038,Zhejiang,POL,7.931542684748726e-05
1039,Zhejiang,PRT,8.215855268407229e-05
1040,Zhejiang,QAT,0.0001069665475773
1041,Zhejiang,RUS,0.001584876253307
1042,Zhejiang,SGP,0.0084108540095043
1043,Zhejiang,SRB,6.900259676229969e-05
1044,Zhejiang,SWE,5.7882768346707526e-05
1045,Zhejiang,THA,0.023177449415009828
1046,Zhejiang,TUN,7.275727288645637e-05
1047,Zhejiang,TUR,8.485568040594105e-05
1048,Zhejiang,USA,0.0031134050919095157
1049,Zhejiang,VNM,0.007547323586471626
1050,Zhejiang,ZAF,0.00017407167047838482
